{"cameraMode":{"drawMode":0,"name":"Shaded","section":"Shading Mode"},"sceneLighting":true,"audioPlay":false,"sceneViewState":{"m_AlwaysRefresh":false,"showFog":true,"showSkybox":true,"showFlares":true,"showImageEffects":true,"showParticleSystems":true,"showVisualEffectGraphs":true,"m_FxEnabled":true},"in2DMode":false,"pivot":{"x":0.8869109153747559,"y":15.514945030212403,"z":11.491816520690918},"rotation":{"x":-0.08757391571998596,"y":0.19445821642875672,"z":-0.01743190363049507,"w":-0.9768549799919128},"size":4.065992832183838,"orthographic":true}