{"cameraMode":{"drawMode":0,"name":"Shaded","section":"Shading Mode"},"sceneLighting":true,"audioPlay":false,"sceneViewState":{"m_AlwaysRefresh":false,"showFog":true,"showSkybox":true,"showFlares":true,"showImageEffects":true,"showParticleSystems":true,"showVisualEffectGraphs":true,"m_FxEnabled":true},"in2DMode":false,"pivot":{"x":-2.8591675758361818,"y":0.29466092586517336,"z":4.543894290924072},"rotation":{"x":-0.1324472427368164,"y":-0.11893972754478455,"z":0.016011789441108705,"w":-0.9839040637016296},"size":3.3119280338287355,"orthographic":false}