{"cameraMode":{"drawMode":0,"name":"Shaded","section":"Shading Mode"},"sceneLighting":true,"audioPlay":false,"sceneViewState":{"m_AlwaysRefresh":false,"showFog":true,"showSkybox":true,"showFlares":true,"showImageEffects":true,"showParticleSystems":true,"showVisualEffectGraphs":true,"m_FxEnabled":true},"in2DMode":false,"pivot":{"x":-4.713879585266113,"y":5.179543495178223,"z":41.55815124511719},"rotation":{"x":-0.003572411835193634,"y":0.9897585511207581,"z":-0.14169834554195405,"w":-0.023709909990429879},"size":1.8924041986465455,"orthographic":false}