{"cameraMode":{"drawMode":0,"name":"Shaded","section":"Shading Mode"},"sceneLighting":true,"audioPlay":false,"sceneViewState":{"m_AlwaysRefresh":false,"showFog":true,"showSkybox":true,"showFlares":true,"showImageEffects":true,"showParticleSystems":true,"showVisualEffectGraphs":true,"m_FxEnabled":true},"in2DMode":false,"pivot":{"x":1.6216621398925782,"y":-11.866663932800293,"z":-34.97893524169922},"rotation":{"x":-0.028621505945920945,"y":0.9704171419143677,"z":-0.1460787057876587,"w":-0.19015447795391084},"size":22.581634521484376,"orthographic":false}